PACK_SIZE(g),TOT_SALES
70,6852.0
90,9676.4
110,161857.19999999998
125,5733.0
134,176730.5
135,25972.800000000003
150,302922.39999999997
160,10647.6
165,100890.2
170,146052.6
175,482100.4
180,8521.9
190,14396.4
200,16007.5
210,42922.8
220,6830.999999999999
250,25886.0
270,54942.399999999994
300,112504.4
330,135483.30000000002
380,74826.15000000001
