BRAND,TOT_SALES
Burger,6830.999999999999
CCs,18078.9
Cheetos,16868.0
Cheezels,39591.0
Cobs,70148.0
Dorito,38918.75
Doritos,200234.2
French,7929.0
Grain,42922.8
GrnWves,8521.9
Infuzions,75863.8
Infzns,22697.399999999998
Kettle,387066.2
NCC,8001.0
Natural,34077.0
Old,89958.9
Pringles,176730.5
RRD,64744.5
Red,30091.500000000004
Smith,14583.4
Smiths,209000.7
Snbts,5076.2
Sunbites,4600.2
Thins,88423.5
Tostitos,79239.6
Twisties,80828.4
Tyrrells,51387.0
WW,35889.5
Woolworths,13454.1
